;;AndroidSwipeLayout;2d6d44fb936a49ff34fcf8a8068530c325a67ea0;/home/les-02/TGLambda/java_projects_final//AndroidSwipeLayout/;2907; 2017-03-09
;;dubbo;d43951530407ab36b1c9ade499a0a0eb3e715fa8;/home/les-02/TGLambda/java_projects_final//dubbo/;104809; 2017-03-21
;;tinker;9d2b2500237a248a24551925dfcd110505b92c7c;/home/les-02/TGLambda/java_projects_final//tinker/;31245; 2017-01-17
;;tinker;54b5ed07f0f24aac38a57ad02bd167879843575e;/home/les-02/TGLambda/java_projects_final//tinker/;31182; 2016-12-30
;;tinker;5fb78cd076cc56a507cbd21b0b50e6978541ab33;/home/les-02/TGLambda/java_projects_final//tinker/;32062; 2016-12-01
;;tinker;798798607efb628a8c158c5b191474f1c12ccb3e;/home/les-02/TGLambda/java_projects_final//tinker/;32123; 2016-11-01
;;tinker;7f8337ec28e07ca07fb0da3a0a4762cfed065ec1;/home/les-02/TGLambda/java_projects_final//tinker/;31915; 2016-09-29
;;dubbo;27917f2e86bbd97ee047d69817730a57bdf5ad6b;/home/les-02/TGLambda/java_projects_final//dubbo/;104809; 2016-06-15
;;dubbo;88aadf92434f3ccb0d23fad0e7a59903361538b4;/home/les-02/TGLambda/java_projects_final//dubbo/;104804; 2016-04-18
;;android-async-http;f53deef7ad5b02b42b59dab92f66dec4fde8e1f6;/home/les-02/TGLambda/java_projects_final//android-async-http/;8021; 2016-03-20
;;android-async-http;effd954e89e8467093fb046d0403e3ba467975f6;/home/les-02/TGLambda/java_projects_final//android-async-http/;8021; 2016-02-26
;;AndroidSwipeLayout;d7a5759784c7399a1cbfe9b62c9fa6d0f257ab52;/home/les-02/TGLambda/java_projects_final//AndroidSwipeLayout/;2904; 2016-01-05
;;Android-Universal-Image-Loader;4c728792d73e964f6d8501f742cda57dd56731c6;/home/les-02/TGLambda/java_projects_final//Android-Universal-Image-Loader/;14300; 2016-01-26
;;dubbo;405003ac67d3530cc7318e2c64cd97edf4d36660;/home/les-02/TGLambda/java_projects_final//dubbo/;104787; 2015-12-23
;;Android-Universal-Image-Loader;761632c00c559cec2bc74845b69322f25fac04d6;/home/les-02/TGLambda/java_projects_final//Android-Universal-Image-Loader/;14300; 2015-12-13
;;android-async-http;9c7b6d41e3b84a5d62dfc914c29536708fc7dcdb;/home/les-02/TGLambda/java_projects_final//android-async-http/;8021; 2015-11-17
;;Android-Universal-Image-Loader;5362cdb3234be8b8e6b2d050bc013f586e9f9ea8;/home/les-02/TGLambda/java_projects_final//Android-Universal-Image-Loader/;14300; 2015-11-28
;;android-async-http;cffb89b13865fe8bfa592ae0567c3a107c169e7e;/home/les-02/TGLambda/java_projects_final//android-async-http/;8011; 2015-10-09
;;android-async-http;2cff000e6ebb3cb71f4240374291c79d1225ddea;/home/les-02/TGLambda/java_projects_final//android-async-http/;7993; 2015-09-23
;;Android-Universal-Image-Loader;630e580313ff683700bebffac178fb6f3a556f1e;/home/les-02/TGLambda/java_projects_final//Android-Universal-Image-Loader/;14300; 2015-09-11
;;AndroidSwipeLayout;f66ac6942b066c46a6f2a3db951f3e99740160e7;/home/les-02/TGLambda/java_projects_final//AndroidSwipeLayout/;2890; 2015-08-30
;;android-async-http;00165f400627b38da77740aa48660096fd77a34e;/home/les-02/TGLambda/java_projects_final//android-async-http/;7982; 2015-08-24
;;Android-Universal-Image-Loader;b1999ad67c53c9dd201f3e9fd7dbbf273e569631;/home/les-02/TGLambda/java_projects_final//Android-Universal-Image-Loader/;14300; 2015-08-09
;;AndroidSwipeLayout;14b67ac74a0f4e261cc985e48d47448a1ddb2a50;/home/les-02/TGLambda/java_projects_final//AndroidSwipeLayout/;2865; 2015-07-21
;;android-async-http;d21cb9ff85a16ca25fe3fd72f563da55e68a0b2c;/home/les-02/TGLambda/java_projects_final//android-async-http/;7981; 2015-07-31
;;Android-Universal-Image-Loader;0554b8b2fc0ae4f6fb0c6db9351da3f183fa11e9;/home/les-02/TGLambda/java_projects_final//Android-Universal-Image-Loader/;14203; 2015-07-28
;;AndroidSwipeLayout;6f6498e549733e49dba2f6808c2ddeb218d1ac3e;/home/les-02/TGLambda/java_projects_final//AndroidSwipeLayout/;2865; 2015-06-11
;;android-async-http;82a999b1f6d9aab2c11b697d101b74fb5bdcbeb8;/home/les-02/TGLambda/java_projects_final//android-async-http/;7844; 2015-07-01
;;Android-Universal-Image-Loader;a91f2f33dbfd5712ae6d026540d69915029464d8;/home/les-02/TGLambda/java_projects_final//Android-Universal-Image-Loader/;14177; 2015-06-20
;;AndroidSwipeLayout;0734b92f88e246e1c848bb5f6121e624c4d33dfa;/home/les-02/TGLambda/java_projects_final//AndroidSwipeLayout/;2851; 2015-05-29
;;android-async-http;a1162d59770e855dfeb7b48c57407b365ba0f2c9;/home/les-02/TGLambda/java_projects_final//android-async-http/;7844; 2015-05-31
;;Android-Universal-Image-Loader;d415b4ca4db4450d9ab39952075a3456bcf34b35;/home/les-02/TGLambda/java_projects_final//Android-Universal-Image-Loader/;11019; 2015-05-29
;;AndroidSwipeLayout;be8b5d483ebb9ec10025bbc7e0b6f38b2a4a4013;/home/les-02/TGLambda/java_projects_final//AndroidSwipeLayout/;2851; 2015-04-30
;;android-async-http;a69f563b96d8436947f4d7349d85760060dc9925;/home/les-02/TGLambda/java_projects_final//android-async-http/;7837; 2015-04-29
;;Android-Universal-Image-Loader;d56d2f87d4d5ef1920a23695c0f877362107ac53;/home/les-02/TGLambda/java_projects_final//Android-Universal-Image-Loader/;11109; 2015-04-28
;;AndroidSwipeLayout;304176518770a580ea5444ad49568a98cf9aa740;/home/les-02/TGLambda/java_projects_final//AndroidSwipeLayout/;2806; 2015-03-22
;;dubbo;ba387a902bb87b4451cc2ed513d2a5098912f12d;/home/les-02/TGLambda/java_projects_final//dubbo/;104787; 2015-04-01
;;android-async-http;bdc20183b57dd760d572ac1fd031ece559751dd2;/home/les-02/TGLambda/java_projects_final//android-async-http/;7801; 2015-03-05
;;Android-Universal-Image-Loader;47afcf4a7aea77caf51228e6e2b546c6f7a8036d;/home/les-02/TGLambda/java_projects_final//Android-Universal-Image-Loader/;11599; 2015-03-24
;;AndroidSwipeLayout;9ca31ac50fbb2b3ce6bbca8595decd082e9d5b0e;/home/les-02/TGLambda/java_projects_final//AndroidSwipeLayout/;2806; 2015-02-22
;;dubbo;976fb0f65efbb321f09d8dfa75a534cc30763d4e;/home/les-02/TGLambda/java_projects_final//dubbo/;104893; 2015-02-12
;;android-async-http;69ec18572d4c58750e778341f76ebeab6618156d;/home/les-02/TGLambda/java_projects_final//android-async-http/;7797; 2015-02-21
;;Android-Universal-Image-Loader;86d4e3385e6ddc247130c012d3c3a90f4dddd7df;/home/les-02/TGLambda/java_projects_final//Android-Universal-Image-Loader/;11620; 2015-02-28
;;AndroidSwipeLayout;b97facaeeccae4322a1ceb58c3de7f6388faa18d;/home/les-02/TGLambda/java_projects_final//AndroidSwipeLayout/;2541; 2015-01-31
;;android-async-http;1979217d767388dcb18b978651caf8c5bb966662;/home/les-02/TGLambda/java_projects_final//android-async-http/;7801; 2015-01-26
;;AndroidSwipeLayout;df48a3c3871ce429b1604b67ea41418ca85e78a5;/home/les-02/TGLambda/java_projects_final//AndroidSwipeLayout/;2626; 2014-12-26
;;android-async-http;f32c234cc475f3a132ad5e5bf45fec6f6137418d;/home/les-02/TGLambda/java_projects_final//android-async-http/;7733; 2014-12-21
;;Android-Universal-Image-Loader;19ce389b7ef65c2bb1f45b0f4a6f1967b4a07600;/home/les-02/TGLambda/java_projects_final//Android-Universal-Image-Loader/;12279; 2014-12-26
;;android-async-http;474b36afe3b3716ec994739bf27a350611cbec4e;/home/les-02/TGLambda/java_projects_final//android-async-http/;7680; 2014-11-26
;;Android-Universal-Image-Loader;a96fcf9f03abb1753028999e99a6331e87e1cbdd;/home/les-02/TGLambda/java_projects_final//Android-Universal-Image-Loader/;12279; 2014-11-29
;;android-async-http;b954a3178751b5fcf051f4c0134774cc51ba5fcc;/home/les-02/TGLambda/java_projects_final//android-async-http/;7676; 2014-10-04
;;Android-Universal-Image-Loader;c1b000c68080552ce2ca527aade8e5a646800b89;/home/les-02/TGLambda/java_projects_final//Android-Universal-Image-Loader/;12255; 2014-10-30
;;AndroidSwipeLayout;1c4dfcc9854ca34f9f8ca513a9d47c58be25ad59;/home/les-02/TGLambda/java_projects_final//AndroidSwipeLayout/;2497; 2014-09-27
;;dubbo;227557c985b08201c58c01344af50cca22800898;/home/les-02/TGLambda/java_projects_final//dubbo/;104893; 2014-09-09
;;android-async-http;67031b8e503fa02db9f593b61beb1e83bf83ec09;/home/les-02/TGLambda/java_projects_final//android-async-http/;7676; 2014-09-26
;;Android-Universal-Image-Loader;b9f10064768707bbdc3c0e27ec5e0ac62bcc533e;/home/les-02/TGLambda/java_projects_final//Android-Universal-Image-Loader/;12252; 2014-09-28
;;AndroidSwipeLayout;e89391e992e10760667bb8ce116601eac1356853;/home/les-02/TGLambda/java_projects_final//AndroidSwipeLayout/;2355; 2014-08-31
;;android-async-http;29afb2c389341e58086dfddbc235e6682dcc1e0d;/home/les-02/TGLambda/java_projects_final//android-async-http/;7548; 2014-08-20
;;Android-Universal-Image-Loader;aa1f2d67c43936e0a2bbaea03cf12c3574a45b98;/home/les-02/TGLambda/java_projects_final//Android-Universal-Image-Loader/;13421; 2014-08-07
;;android-async-http;c3a3e6c7349c4047b096eea793d329ea9116828c;/home/les-02/TGLambda/java_projects_final//android-async-http/;7456; 2014-07-31
;;Android-Universal-Image-Loader;a67ce9117d3339598146086023d5ae22cfcee4f2;/home/les-02/TGLambda/java_projects_final//Android-Universal-Image-Loader/;13421; 2014-07-18
;;android-async-http;d85b86af788cc2a955f3e6601bef294b0a14d66e;/home/les-02/TGLambda/java_projects_final//android-async-http/;7414; 2014-06-22
;;Android-Universal-Image-Loader;e56bc0de9ea8d76b25e45a1d23d6bf370a58d735;/home/les-02/TGLambda/java_projects_final//Android-Universal-Image-Loader/;13445; 2014-06-14
;;dubbo;977bd905c306d3ce08994eec616b391432275d4d;/home/les-02/TGLambda/java_projects_final//dubbo/;104893; 2014-05-14
;;android-async-http;c196e7b421276452b29114211bfbcda21b476229;/home/les-02/TGLambda/java_projects_final//android-async-http/;7301; 2014-05-30
;;Android-Universal-Image-Loader;fc09ba1e5e6926df0667ad23da98e7c61d46c73b;/home/les-02/TGLambda/java_projects_final//Android-Universal-Image-Loader/;13435; 2014-06-01
;;dubbo;17becc2d6676be84b01c0d15a81c5f33f85d21d6;/home/les-02/TGLambda/java_projects_final//dubbo/;104893; 2014-04-13
;;android-async-http;e83f35d9bf6c2b875c5a75d1482f0850db0bce87;/home/les-02/TGLambda/java_projects_final//android-async-http/;7288; 2014-04-21
;;Android-Universal-Image-Loader;f442fb824d2041a9f0cb14aa03fbec0c2e76a192;/home/les-02/TGLambda/java_projects_final//Android-Universal-Image-Loader/;13917; 2014-04-27
;;dubbo;a578cb7b9a3a393c870123f3fea42ff4f18f0090;/home/les-02/TGLambda/java_projects_final//dubbo/;104893; 2014-03-16
;;android-async-http;3a42acdd3e12185af361de0a4b4a399dcbeb391d;/home/les-02/TGLambda/java_projects_final//android-async-http/;7250; 2014-03-29
;;Android-Universal-Image-Loader;b1b49e51f2c43b119edca44691daf9ab6c751158;/home/les-02/TGLambda/java_projects_final//Android-Universal-Image-Loader/;14226; 2014-03-20
;;dubbo;bd76ba04e2faeac79a36e88f600a311a2324b491;/home/les-02/TGLambda/java_projects_final//dubbo/;104893; 2014-02-10
;;android-async-http;5ee354db6706562849710b6fcd9b8ec91a3916fd;/home/les-02/TGLambda/java_projects_final//android-async-http/;7046; 2014-02-18
;;Android-Universal-Image-Loader;754aa3b0c0f8aeeeca15f1fa5b5183b4a6e0eced;/home/les-02/TGLambda/java_projects_final//Android-Universal-Image-Loader/;14097; 2014-02-23
;;dubbo;db0b7e09827e3616f8b03dd6ba713e941018100c;/home/les-02/TGLambda/java_projects_final//dubbo/;104893; 2014-01-01
;;android-async-http;0f14ceda3973a39378861402cba834b8c8ae3e01;/home/les-02/TGLambda/java_projects_final//android-async-http/;7062; 2014-01-16
;;Android-Universal-Image-Loader;45e5f67683430d55b5a6ea65130307d6b45ded67;/home/les-02/TGLambda/java_projects_final//Android-Universal-Image-Loader/;14214; 2014-01-29
;;android-async-http;656a244fd52456fa7edc8b95723fc9b597d68a7f;/home/les-02/TGLambda/java_projects_final//android-async-http/;7063; 2013-12-28
;;Android-Universal-Image-Loader;ba107ebeeea504f28440d082f7b5332811f47ebb;/home/les-02/TGLambda/java_projects_final//Android-Universal-Image-Loader/;14390; 2013-12-28
;;android-async-http;1b720a51bfb98463ddb4147a649739447599f492;/home/les-02/TGLambda/java_projects_final//android-async-http/;6902; 2013-11-24
;;Android-Universal-Image-Loader;e8163d05a073300d63cc5ab4dabed11b7e8c8306;/home/les-02/TGLambda/java_projects_final//Android-Universal-Image-Loader/;14283; 2013-11-28
;;android-async-http;042bd5a8cd11c6753336caba2775fe869fc8e347;/home/les-02/TGLambda/java_projects_final//android-async-http/;6971; 2013-11-01
;;Android-Universal-Image-Loader;4aec203474927e98ef6da4d0f04e6e98e6d082ab;/home/les-02/TGLambda/java_projects_final//Android-Universal-Image-Loader/;14173; 2013-10-20
;;dubbo;fcb1ca6ace7e317fc8c7d58768ceab723c7ba47d;/home/les-02/TGLambda/java_projects_final//dubbo/;104893; 2013-09-26
;;Android-Universal-Image-Loader;24ca7dd0dbaee8a011aad6195f33e840793e7df9;/home/les-02/TGLambda/java_projects_final//Android-Universal-Image-Loader/;14093; 2013-09-02
;;dubbo;8bdeb544c199f752fc9c8700eef48675230603e9;/home/les-02/TGLambda/java_projects_final//dubbo/;104897; 2013-08-10
;;android-async-http;832812c2ec0a074ec17400fdc473dec645cfbdc6;/home/les-02/TGLambda/java_projects_final//android-async-http/;8324; 2013-08-08
;;Android-Universal-Image-Loader;d9a9f6adeffcfd559e131ba925aa809866acc781;/home/les-02/TGLambda/java_projects_final//Android-Universal-Image-Loader/;14093; 2013-09-01
;;android-async-http;c815ea678d60631ab1a124d8e96cc75ab416efce;/home/les-02/TGLambda/java_projects_final//android-async-http/;8324; 2013-07-30
;;Android-Universal-Image-Loader;5df2d0d4ec52975618ca2f518ec7f3b55651d92e;/home/les-02/TGLambda/java_projects_final//Android-Universal-Image-Loader/;14041; 2013-07-31
;;Android-Universal-Image-Loader;505adb8435b822d79ed79c2baf2ecee8138d6895;/home/les-02/TGLambda/java_projects_final//Android-Universal-Image-Loader/;14050; 2013-06-30
;;android-async-http;4b6eb976ae68e6aa6f55aabb3a6e9200bcadd3fb;/home/les-02/TGLambda/java_projects_final//android-async-http/;8314; 2013-05-13
;;Android-Universal-Image-Loader;be8e74e4c95b47b0d7b92f277220db615a97439d;/home/les-02/TGLambda/java_projects_final//Android-Universal-Image-Loader/;14131; 2013-05-23
;;android-async-http;2ef2b28ad3b061dda7980ffc3a9e030712aefccc;/home/les-02/TGLambda/java_projects_final//android-async-http/;8306; 2013-04-22
;;Android-Universal-Image-Loader;7f105dc6725d3156a1d9b712f00a5b32b3915beb;/home/les-02/TGLambda/java_projects_final//Android-Universal-Image-Loader/;14115; 2013-04-28
;;dubbo;5ad73574bdf0f4bbf38ce151a521b3368be48256;/home/les-02/TGLambda/java_projects_final//dubbo/;104895; 2013-03-20
;;android-async-http;cb3dd332c7b9afaeb3bb104496418fd50510a016;/home/les-02/TGLambda/java_projects_final//android-async-http/;8306; 2013-03-28
;;Android-Universal-Image-Loader;5e250bcfb324ded01feaa155e13eba6a31d0959a;/home/les-02/TGLambda/java_projects_final//Android-Universal-Image-Loader/;14093; 2013-03-31
;;dubbo;a4140d2aa8cf7f6396a06d6cbb39c914efbaa6d0;/home/les-02/TGLambda/java_projects_final//dubbo/;104879; 2013-02-27
;;android-async-http;ded7e8001d1e77ce70979adfa0a987bcecd8daea;/home/les-02/TGLambda/java_projects_final//android-async-http/;8284; 2013-02-22
;;Android-Universal-Image-Loader;8d97acd12df02f57b30246ac09605d4077731fe7;/home/les-02/TGLambda/java_projects_final//Android-Universal-Image-Loader/;14081; 2013-02-24
;;dubbo;95528332b51381aaa90d6e44fad384ec3cb697b7;/home/les-02/TGLambda/java_projects_final//dubbo/;104784; 2013-01-11
;;android-async-http;6e91a826c5afff12eaf0513f52b14a4b50a24942;/home/les-02/TGLambda/java_projects_final//android-async-http/;8272; 2013-01-29
;;Android-Universal-Image-Loader;0d2ab7081e55b98db38744b1919eff43de6e6c55;/home/les-02/TGLambda/java_projects_final//Android-Universal-Image-Loader/;14083; 2013-01-31
;;dubbo;645152af6f574ebc053becb4e11d1a946fa7899c;/home/les-02/TGLambda/java_projects_final//dubbo/;104782; 2012-12-26
;;android-async-http;65dc6f22a927b6c103b48f6e98d77992918ca2e7;/home/les-02/TGLambda/java_projects_final//android-async-http/;8224; 2012-12-16
;;Android-Universal-Image-Loader;dfee81fd4c0720b750f222048c6220e7779e46b2;/home/les-02/TGLambda/java_projects_final//Android-Universal-Image-Loader/;16050; 2012-12-25
