typeProject;before;project;version;file;start;end;resource;multiCatch;catches;stmt1;stmt2;
;;androidannotations;1;/home/les-02/NovoTGLambda/projects/androidannotations/examples/maven/src/main/java/org/androidannotations/sample/MyActivity.java;77;80;false;false;1;3;2;
;;androidannotations;1;/home/les-02/NovoTGLambda/projects/androidannotations/examples/maven/src/main/java/org/androidannotations/sample/MyActivity.java;77;80;false;false;1;3;2;
;;androidannotations;1;/home/les-02/NovoTGLambda/projects/androidannotations/examples/gradle/src/main/java/org/androidannotations/sample/MyActivity.java;77;80;false;false;1;3;2;
;;androidannotations;1;/home/les-02/NovoTGLambda/projects/androidannotations/examples/gradle/src/main/java/org/androidannotations/sample/MyActivity.java;77;80;false;false;1;3;2;
;;androidannotations;1;/home/les-02/NovoTGLambda/projects/androidannotations/AndroidAnnotations/androidannotations-ormlite/ormlite-test/src/main/java/org/androidannotations/ormlite/test/DatabaseHelper.java;40;45;false;false;1;4;3;
;;androidannotations;1;/home/les-02/NovoTGLambda/projects/androidannotations/AndroidAnnotations/androidannotations-ormlite/ormlite-test/src/main/java/org/androidannotations/ormlite/test/DatabaseHelper.java;40;45;false;false;1;4;3;
;;androidannotations;1;/home/les-02/NovoTGLambda/projects/androidannotations/AndroidAnnotations/androidannotations-roboguice/roboguice-test/src/test/java/org/androidannotations/roboguice/test/FakeDateProvider.java;36;40;false;false;1;3;3;
;;androidannotations;1;/home/les-02/NovoTGLambda/projects/androidannotations/AndroidAnnotations/androidannotations-roboguice/roboguice-test/src/test/java/org/androidannotations/roboguice/test/FakeDateProvider.java;36;40;false;false;1;3;3;
;;androidannotations;1;/home/les-02/NovoTGLambda/projects/androidannotations/AndroidAnnotations/androidannotations-roboguice/roboguice-api/src/main/java/org/androidannotations/roboguice/api/RoboGuiceHelper.java;31;38;false;false;1;6;3;
;;androidannotations;1;/home/les-02/NovoTGLambda/projects/androidannotations/AndroidAnnotations/androidannotations-roboguice/roboguice-api/src/main/java/org/androidannotations/roboguice/api/RoboGuiceHelper.java;31;38;false;false;1;6;3;
;;androidannotations;1;/home/les-02/NovoTGLambda/projects/androidannotations/AndroidAnnotations/androidannotations-core/androidannotations/src/main/java/org/androidannotations/internal/AnnotationHandlers.java;85;89;false;false;1;3;3;
;;androidannotations;1;/home/les-02/NovoTGLambda/projects/androidannotations/AndroidAnnotations/androidannotations-core/androidannotations/src/main/java/org/androidannotations/internal/AnnotationHandlers.java;85;89;false;false;1;3;3;
;;androidannotations;1;/home/les-02/NovoTGLambda/projects/androidannotations/AndroidAnnotations/androidannotations-core/androidannotations/src/main/java/org/androidannotations/internal/AndroidAnnotationProcessor.java;83;95;false;false;1;9;3;
;;androidannotations;1;/home/les-02/NovoTGLambda/projects/androidannotations/AndroidAnnotations/androidannotations-core/androidannotations/src/main/java/org/androidannotations/internal/AndroidAnnotationProcessor.java;124;133;false;false;3;4;8;
;;androidannotations;1;/home/les-02/NovoTGLambda/projects/androidannotations/AndroidAnnotations/androidannotations-core/androidannotations/src/main/java/org/androidannotations/internal/AndroidAnnotationProcessor.java;162;172;false;false;1;6;3;
;;androidannotations;1;/home/les-02/NovoTGLambda/projects/androidannotations/AndroidAnnotations/androidannotations-core/androidannotations/src/main/java/org/androidannotations/internal/AndroidAnnotationProcessor.java;194;199;false;false;0;4;0;
;;androidannotations;1;/home/les-02/NovoTGLambda/projects/androidannotations/AndroidAnnotations/androidannotations-core/androidannotations/src/main/java/org/androidannotations/internal/AndroidAnnotationProcessor.java;203;210;false;false;0;6;0;
;;androidannotations;1;/home/les-02/NovoTGLambda/projects/androidannotations/AndroidAnnotations/androidannotations-core/androidannotations/src/main/java/org/androidannotations/internal/AndroidAnnotationProcessor.java;83;95;false;false;1;9;3;
;;androidannotations;1;/home/les-02/NovoTGLambda/projects/androidannotations/AndroidAnnotations/androidannotations-core/androidannotations/src/main/java/org/androidannotations/internal/AndroidAnnotationProcessor.java;124;133;false;false;3;4;8;
;;androidannotations;1;/home/les-02/NovoTGLambda/projects/androidannotations/AndroidAnnotations/androidannotations-core/androidannotations/src/main/java/org/androidannotations/internal/AndroidAnnotationProcessor.java;162;172;false;false;1;6;3;
;;androidannotations;1;/home/les-02/NovoTGLambda/projects/androidannotations/AndroidAnnotations/androidannotations-core/androidannotations/src/main/java/org/androidannotations/internal/AndroidAnnotationProcessor.java;194;199;false;false;0;4;0;
;;androidannotations;1;/home/les-02/NovoTGLambda/projects/androidannotations/AndroidAnnotations/androidannotations-core/androidannotations/src/main/java/org/androidannotations/internal/AndroidAnnotationProcessor.java;203;210;false;false;0;6;0;
;;androidannotations;1;/home/les-02/NovoTGLambda/projects/androidannotations/AndroidAnnotations/androidannotations-core/androidannotations/src/main/java/org/androidannotations/internal/helper/AndroidManifestFinder.java;66;97;false;false;1;23;3;
;;androidannotations;1;/home/les-02/NovoTGLambda/projects/androidannotations/AndroidAnnotations/androidannotations-core/androidannotations/src/main/java/org/androidannotations/internal/helper/AndroidManifestFinder.java;81;91;false;false;1;8;2;
;;androidannotations;1;/home/les-02/NovoTGLambda/projects/androidannotations/AndroidAnnotations/androidannotations-core/androidannotations/src/main/java/org/androidannotations/internal/helper/AndroidManifestFinder.java;229;235;false;false;1;4;4;
;;androidannotations;1;/home/les-02/NovoTGLambda/projects/androidannotations/AndroidAnnotations/androidannotations-core/androidannotations/src/main/java/org/androidannotations/internal/helper/AndroidManifestFinder.java;312;322;false;false;1;9;2;
;;androidannotations;1;/home/les-02/NovoTGLambda/projects/androidannotations/AndroidAnnotations/androidannotations-core/androidannotations/src/main/java/org/androidannotations/internal/helper/AndroidManifestFinder.java;66;97;false;false;1;23;3;
;;androidannotations;1;/home/les-02/NovoTGLambda/projects/androidannotations/AndroidAnnotations/androidannotations-core/androidannotations/src/main/java/org/androidannotations/internal/helper/AndroidManifestFinder.java;81;91;false;false;1;8;2;
;;androidannotations;1;/home/les-02/NovoTGLambda/projects/androidannotations/AndroidAnnotations/androidannotations-core/androidannotations/src/main/java/org/androidannotations/internal/helper/AndroidManifestFinder.java;229;235;false;false;1;4;4;
;;androidannotations;1;/home/les-02/NovoTGLambda/projects/androidannotations/AndroidAnnotations/androidannotations-core/androidannotations/src/main/java/org/androidannotations/internal/helper/AndroidManifestFinder.java;312;322;false;false;1;9;2;
;;androidannotations;1;/home/les-02/NovoTGLambda/projects/androidannotations/AndroidAnnotations/androidannotations-core/androidannotations/src/main/java/org/androidannotations/internal/helper/ErrorHelper.java;85;101;false;false;1;7;2;
;;androidannotations;1;/home/les-02/NovoTGLambda/projects/androidannotations/AndroidAnnotations/androidannotations-core/androidannotations/src/main/java/org/androidannotations/internal/helper/ErrorHelper.java;95;99;false;false;1;3;2;
;;androidannotations;1;/home/les-02/NovoTGLambda/projects/androidannotations/AndroidAnnotations/androidannotations-core/androidannotations/src/main/java/org/androidannotations/internal/helper/ErrorHelper.java;106;110;false;false;1;3;3;
;;androidannotations;1;/home/les-02/NovoTGLambda/projects/androidannotations/AndroidAnnotations/androidannotations-core/androidannotations/src/main/java/org/androidannotations/internal/helper/ErrorHelper.java;85;101;false;false;1;7;2;
;;androidannotations;1;/home/les-02/NovoTGLambda/projects/androidannotations/AndroidAnnotations/androidannotations-core/androidannotations/src/main/java/org/androidannotations/internal/helper/ErrorHelper.java;95;99;false;false;1;3;2;
;;androidannotations;1;/home/les-02/NovoTGLambda/projects/androidannotations/AndroidAnnotations/androidannotations-core/androidannotations/src/main/java/org/androidannotations/internal/helper/ErrorHelper.java;106;110;false;false;1;3;3;
;;androidannotations;1;/home/les-02/NovoTGLambda/projects/androidannotations/AndroidAnnotations/androidannotations-core/androidannotations/src/main/java/org/androidannotations/internal/helper/FileHelper.java;50;54;false;false;1;3;3;
;;androidannotations;1;/home/les-02/NovoTGLambda/projects/androidannotations/AndroidAnnotations/androidannotations-core/androidannotations/src/main/java/org/androidannotations/internal/helper/FileHelper.java;66;70;false;false;1;3;3;
;;androidannotations;1;/home/les-02/NovoTGLambda/projects/androidannotations/AndroidAnnotations/androidannotations-core/androidannotations/src/main/java/org/androidannotations/internal/helper/FileHelper.java;50;54;false;false;1;3;3;
;;androidannotations;1;/home/les-02/NovoTGLambda/projects/androidannotations/AndroidAnnotations/androidannotations-core/androidannotations/src/main/java/org/androidannotations/internal/helper/FileHelper.java;66;70;false;false;1;3;3;
;;androidannotations;1;/home/les-02/NovoTGLambda/projects/androidannotations/AndroidAnnotations/androidannotations-core/androidannotations/src/main/java/org/androidannotations/internal/process/ModelProcessor.java;152;156;false;false;1;3;3;
;;androidannotations;1;/home/les-02/NovoTGLambda/projects/androidannotations/AndroidAnnotations/androidannotations-core/androidannotations/src/main/java/org/androidannotations/internal/process/ModelProcessor.java;152;156;false;false;1;3;3;
;;androidannotations;1;/home/les-02/NovoTGLambda/projects/androidannotations/AndroidAnnotations/androidannotations-core/androidannotations/src/main/java/org/androidannotations/internal/process/ProcessHolder.java;220;224;false;false;1;3;3;
;;androidannotations;1;/home/les-02/NovoTGLambda/projects/androidannotations/AndroidAnnotations/androidannotations-core/androidannotations/src/main/java/org/androidannotations/internal/process/ProcessHolder.java;220;224;false;false;1;3;3;
;;androidannotations;1;/home/les-02/NovoTGLambda/projects/androidannotations/AndroidAnnotations/androidannotations-core/androidannotations/src/main/java/org/androidannotations/internal/generation/SourceCodeWriter.java;61;83;false;false;1;8;4;
;;androidannotations;1;/home/les-02/NovoTGLambda/projects/androidannotations/AndroidAnnotations/androidannotations-core/androidannotations/src/main/java/org/androidannotations/internal/generation/SourceCodeWriter.java;61;83;false;false;1;8;4;
;;androidannotations;1;/home/les-02/NovoTGLambda/projects/androidannotations/AndroidAnnotations/androidannotations-core/androidannotations/src/main/java/org/androidannotations/internal/generation/CodeModelGenerator.java;60;68;false;false;1;3;5;
;;androidannotations;1;/home/les-02/NovoTGLambda/projects/androidannotations/AndroidAnnotations/androidannotations-core/androidannotations/src/main/java/org/androidannotations/internal/generation/CodeModelGenerator.java;60;68;false;false;1;3;5;
;;androidannotations;1;/home/les-02/NovoTGLambda/projects/androidannotations/AndroidAnnotations/androidannotations-core/androidannotations/src/main/java/org/androidannotations/internal/rclass/RInnerClass.java;143;147;false;false;1;3;2;
;;androidannotations;1;/home/les-02/NovoTGLambda/projects/androidannotations/AndroidAnnotations/androidannotations-core/androidannotations/src/main/java/org/androidannotations/internal/rclass/RInnerClass.java;143;147;false;false;1;3;2;
;;androidannotations;1;/home/les-02/NovoTGLambda/projects/androidannotations/AndroidAnnotations/androidannotations-core/androidannotations/src/main/java/org/androidannotations/logger/LoggerContext.java;96;100;false;false;1;3;2;
;;androidannotations;1;/home/les-02/NovoTGLambda/projects/androidannotations/AndroidAnnotations/androidannotations-core/androidannotations/src/main/java/org/androidannotations/logger/LoggerContext.java;96;100;false;false;1;3;2;
;;androidannotations;1;/home/les-02/NovoTGLambda/projects/androidannotations/AndroidAnnotations/androidannotations-core/androidannotations/src/main/java/org/androidannotations/logger/appender/FileAppender.java;51;55;false;false;1;3;3;
;;androidannotations;1;/home/les-02/NovoTGLambda/projects/androidannotations/AndroidAnnotations/androidannotations-core/androidannotations/src/main/java/org/androidannotations/logger/appender/FileAppender.java;62;66;false;false;1;3;3;
;;androidannotations;1;/home/les-02/NovoTGLambda/projects/androidannotations/AndroidAnnotations/androidannotations-core/androidannotations/src/main/java/org/androidannotations/logger/appender/FileAppender.java;74;80;false;false;1;5;3;
;;androidannotations;1;/home/les-02/NovoTGLambda/projects/androidannotations/AndroidAnnotations/androidannotations-core/androidannotations/src/main/java/org/androidannotations/logger/appender/FileAppender.java;92;100;false;false;1;7;3;
;;androidannotations;1;/home/les-02/NovoTGLambda/projects/androidannotations/AndroidAnnotations/androidannotations-core/androidannotations/src/main/java/org/androidannotations/logger/appender/FileAppender.java;51;55;false;false;1;3;3;
;;androidannotations;1;/home/les-02/NovoTGLambda/projects/androidannotations/AndroidAnnotations/androidannotations-core/androidannotations/src/main/java/org/androidannotations/logger/appender/FileAppender.java;62;66;false;false;1;3;3;
;;androidannotations;1;/home/les-02/NovoTGLambda/projects/androidannotations/AndroidAnnotations/androidannotations-core/androidannotations/src/main/java/org/androidannotations/logger/appender/FileAppender.java;74;80;false;false;1;5;3;
;;androidannotations;1;/home/les-02/NovoTGLambda/projects/androidannotations/AndroidAnnotations/androidannotations-core/androidannotations/src/main/java/org/androidannotations/logger/appender/FileAppender.java;92;100;false;false;1;7;3;
;;androidannotations;1;/home/les-02/NovoTGLambda/projects/androidannotations/AndroidAnnotations/androidannotations-core/androidannotations/src/main/java/org/androidannotations/helper/AnnotationHelper.java;338;342;false;false;1;3;3;
;;androidannotations;1;/home/les-02/NovoTGLambda/projects/androidannotations/AndroidAnnotations/androidannotations-core/androidannotations/src/main/java/org/androidannotations/helper/AnnotationHelper.java;344;356;false;false;2;4;11;
;;androidannotations;1;/home/les-02/NovoTGLambda/projects/androidannotations/AndroidAnnotations/androidannotations-core/androidannotations/src/main/java/org/androidannotations/helper/AnnotationHelper.java;338;342;false;false;1;3;3;
;;androidannotations;1;/home/les-02/NovoTGLambda/projects/androidannotations/AndroidAnnotations/androidannotations-core/androidannotations/src/main/java/org/androidannotations/helper/AnnotationHelper.java;344;356;false;false;2;4;11;
;;androidannotations;1;/home/les-02/NovoTGLambda/projects/androidannotations/AndroidAnnotations/androidannotations-core/androidannotations/src/main/java/org/androidannotations/helper/APTCodeModelHelper.java;386;392;false;false;1;5;3;
;;androidannotations;1;/home/les-02/NovoTGLambda/projects/androidannotations/AndroidAnnotations/androidannotations-core/androidannotations/src/main/java/org/androidannotations/helper/APTCodeModelHelper.java;403;411;false;false;1;6;3;
;;androidannotations;1;/home/les-02/NovoTGLambda/projects/androidannotations/AndroidAnnotations/androidannotations-core/androidannotations/src/main/java/org/androidannotations/helper/APTCodeModelHelper.java;386;392;false;false;1;5;3;
;;androidannotations;1;/home/les-02/NovoTGLambda/projects/androidannotations/AndroidAnnotations/androidannotations-core/androidannotations/src/main/java/org/androidannotations/helper/APTCodeModelHelper.java;403;411;false;false;1;6;3;
;;androidannotations;1;/home/les-02/NovoTGLambda/projects/androidannotations/AndroidAnnotations/androidannotations-core/androidannotations/src/main/java/org/androidannotations/plugin/AndroidAnnotationsPlugin.java;62;69;false;false;1;5;4;
;;androidannotations;1;/home/les-02/NovoTGLambda/projects/androidannotations/AndroidAnnotations/androidannotations-core/androidannotations/src/main/java/org/androidannotations/plugin/AndroidAnnotationsPlugin.java;62;69;false;false;1;5;4;
;;androidannotations;1;/home/les-02/NovoTGLambda/projects/androidannotations/AndroidAnnotations/androidannotations-core/androidannotations-test/src/main/java/org/androidannotations/test/ThreadActivity.java;61;71;false;false;1;9;2;
;;androidannotations;1;/home/les-02/NovoTGLambda/projects/androidannotations/AndroidAnnotations/androidannotations-core/androidannotations-test/src/main/java/org/androidannotations/test/ThreadActivity.java;61;71;false;false;1;9;2;
;;androidannotations;1;/home/les-02/NovoTGLambda/projects/androidannotations/AndroidAnnotations/androidannotations-core/androidannotations-test/src/test/java/org/androidannotations/test/supposethread/SupposeThreadTest.java;194;198;false;false;1;3;3;
;;androidannotations;1;/home/les-02/NovoTGLambda/projects/androidannotations/AndroidAnnotations/androidannotations-core/androidannotations-test/src/test/java/org/androidannotations/test/supposethread/SupposeThreadTest.java;194;198;false;false;1;3;3;
;;androidannotations;1;/home/les-02/NovoTGLambda/projects/androidannotations/AndroidAnnotations/androidannotations-core/androidannotations-test/src/test/java/org/androidannotations/test/UiThreadExecutorTest.java;84;90;false;false;1;5;3;
;;androidannotations;1;/home/les-02/NovoTGLambda/projects/androidannotations/AndroidAnnotations/androidannotations-core/androidannotations-test/src/test/java/org/androidannotations/test/UiThreadExecutorTest.java;84;90;false;false;1;5;3;
;;androidannotations;1;/home/les-02/NovoTGLambda/projects/androidannotations/AndroidAnnotations/androidannotations-core/androidannotations-test/src/test/java/org/androidannotations/test/ThreadActivityTest.java;148;164;false;false;1;9;3;
;;androidannotations;1;/home/les-02/NovoTGLambda/projects/androidannotations/AndroidAnnotations/androidannotations-core/androidannotations-test/src/test/java/org/androidannotations/test/ThreadActivityTest.java;181;185;false;false;1;3;2;
;;androidannotations;1;/home/les-02/NovoTGLambda/projects/androidannotations/AndroidAnnotations/androidannotations-core/androidannotations-test/src/test/java/org/androidannotations/test/ThreadActivityTest.java;227;237;false;false;1;7;3;
;;androidannotations;1;/home/les-02/NovoTGLambda/projects/androidannotations/AndroidAnnotations/androidannotations-core/androidannotations-test/src/test/java/org/androidannotations/test/ThreadActivityTest.java;281;293;false;false;1;8;3;
;;androidannotations;1;/home/les-02/NovoTGLambda/projects/androidannotations/AndroidAnnotations/androidannotations-core/androidannotations-test/src/test/java/org/androidannotations/test/ThreadActivityTest.java;327;343;false;false;1;9;3;
;;androidannotations;1;/home/les-02/NovoTGLambda/projects/androidannotations/AndroidAnnotations/androidannotations-core/androidannotations-test/src/test/java/org/androidannotations/test/ThreadActivityTest.java;354;359;false;false;1;4;2;
;;androidannotations;1;/home/les-02/NovoTGLambda/projects/androidannotations/AndroidAnnotations/androidannotations-core/androidannotations-test/src/test/java/org/androidannotations/test/ThreadActivityTest.java;411;415;false;false;1;3;3;
;;androidannotations;1;/home/les-02/NovoTGLambda/projects/androidannotations/AndroidAnnotations/androidannotations-core/androidannotations-test/src/test/java/org/androidannotations/test/ThreadActivityTest.java;148;164;false;false;1;9;3;
;;androidannotations;1;/home/les-02/NovoTGLambda/projects/androidannotations/AndroidAnnotations/androidannotations-core/androidannotations-test/src/test/java/org/androidannotations/test/ThreadActivityTest.java;181;185;false;false;1;3;2;
;;androidannotations;1;/home/les-02/NovoTGLambda/projects/androidannotations/AndroidAnnotations/androidannotations-core/androidannotations-test/src/test/java/org/androidannotations/test/ThreadActivityTest.java;227;237;false;false;1;7;3;
;;androidannotations;1;/home/les-02/NovoTGLambda/projects/androidannotations/AndroidAnnotations/androidannotations-core/androidannotations-test/src/test/java/org/androidannotations/test/ThreadActivityTest.java;281;293;false;false;1;8;3;
;;androidannotations;1;/home/les-02/NovoTGLambda/projects/androidannotations/AndroidAnnotations/androidannotations-core/androidannotations-test/src/test/java/org/androidannotations/test/ThreadActivityTest.java;327;343;false;false;1;9;3;
;;androidannotations;1;/home/les-02/NovoTGLambda/projects/androidannotations/AndroidAnnotations/androidannotations-core/androidannotations-test/src/test/java/org/androidannotations/test/ThreadActivityTest.java;354;359;false;false;1;4;2;
;;androidannotations;1;/home/les-02/NovoTGLambda/projects/androidannotations/AndroidAnnotations/androidannotations-core/androidannotations-test/src/test/java/org/androidannotations/test/ThreadActivityTest.java;411;415;false;false;1;3;3;
;;androidannotations;1;/home/les-02/NovoTGLambda/projects/androidannotations/AndroidAnnotations/androidannotations-core/androidannotations-test/src/test/java/org/androidannotations/test/TransactionalActivityTest.java;61;66;false;false;1;4;2;
;;androidannotations;1;/home/les-02/NovoTGLambda/projects/androidannotations/AndroidAnnotations/androidannotations-core/androidannotations-test/src/test/java/org/androidannotations/test/TransactionalActivityTest.java;61;66;false;false;1;4;2;
;;androidannotations;1;/home/les-02/NovoTGLambda/projects/androidannotations/AndroidAnnotations/androidannotations-core/androidannotations-api/src/main/java/org/androidannotations/api/BackgroundExecutor.java;403;409;false;false;0;4;0;
;;androidannotations;1;/home/les-02/NovoTGLambda/projects/androidannotations/AndroidAnnotations/androidannotations-core/androidannotations-api/src/main/java/org/androidannotations/api/BackgroundExecutor.java;403;409;false;false;0;4;0;
;;androidannotations;1;/home/les-02/NovoTGLambda/projects/androidannotations/AndroidAnnotations/androidannotations-core/androidannotations-api/src/main/java/org/androidannotations/api/sharedpreferences/SetXmlSerializer.java;50;65;false;false;1;8;2;
;;androidannotations;1;/home/les-02/NovoTGLambda/projects/androidannotations/AndroidAnnotations/androidannotations-core/androidannotations-api/src/main/java/org/androidannotations/api/sharedpreferences/SetXmlSerializer.java;74;95;false;true;2;13;8;
;;androidannotations;1;/home/les-02/NovoTGLambda/projects/androidannotations/AndroidAnnotations/androidannotations-core/androidannotations-api/src/main/java/org/androidannotations/api/sharedpreferences/SetXmlSerializer.java;50;65;false;false;1;8;2;
;;androidannotations;1;/home/les-02/NovoTGLambda/projects/androidannotations/AndroidAnnotations/androidannotations-core/androidannotations-api/src/main/java/org/androidannotations/api/sharedpreferences/SetXmlSerializer.java;74;95;false;true;2;13;8;
;;androidannotations;1;/home/les-02/NovoTGLambda/projects/androidannotations/AndroidAnnotations/androidannotations-core/androidannotations-api/src/main/java/org/androidannotations/api/sharedpreferences/IntPrefField.java;28;41;false;false;1;3;8;
;;androidannotations;1;/home/les-02/NovoTGLambda/projects/androidannotations/AndroidAnnotations/androidannotations-core/androidannotations-api/src/main/java/org/androidannotations/api/sharedpreferences/IntPrefField.java;33;40;false;false;1;4;3;
;;androidannotations;1;/home/les-02/NovoTGLambda/projects/androidannotations/AndroidAnnotations/androidannotations-core/androidannotations-api/src/main/java/org/androidannotations/api/sharedpreferences/IntPrefField.java;28;41;false;false;1;3;8;
;;androidannotations;1;/home/les-02/NovoTGLambda/projects/androidannotations/AndroidAnnotations/androidannotations-core/androidannotations-api/src/main/java/org/androidannotations/api/sharedpreferences/IntPrefField.java;33;40;false;false;1;4;3;
;;androidannotations;1;/home/les-02/NovoTGLambda/projects/androidannotations/AndroidAnnotations/androidannotations-core/androidannotations-api/src/main/java/org/androidannotations/api/sharedpreferences/FloatPrefField.java;28;41;false;false;1;3;8;
;;androidannotations;1;/home/les-02/NovoTGLambda/projects/androidannotations/AndroidAnnotations/androidannotations-core/androidannotations-api/src/main/java/org/androidannotations/api/sharedpreferences/FloatPrefField.java;33;40;false;false;1;4;3;
;;androidannotations;1;/home/les-02/NovoTGLambda/projects/androidannotations/AndroidAnnotations/androidannotations-core/androidannotations-api/src/main/java/org/androidannotations/api/sharedpreferences/FloatPrefField.java;28;41;false;false;1;3;8;
;;androidannotations;1;/home/les-02/NovoTGLambda/projects/androidannotations/AndroidAnnotations/androidannotations-core/androidannotations-api/src/main/java/org/androidannotations/api/sharedpreferences/FloatPrefField.java;33;40;false;false;1;4;3;
;;androidannotations;1;/home/les-02/NovoTGLambda/projects/androidannotations/AndroidAnnotations/androidannotations-core/androidannotations-api/src/main/java/org/androidannotations/api/sharedpreferences/LongPrefField.java;28;41;false;false;1;3;8;
;;androidannotations;1;/home/les-02/NovoTGLambda/projects/androidannotations/AndroidAnnotations/androidannotations-core/androidannotations-api/src/main/java/org/androidannotations/api/sharedpreferences/LongPrefField.java;33;40;false;false;1;4;3;
;;androidannotations;1;/home/les-02/NovoTGLambda/projects/androidannotations/AndroidAnnotations/androidannotations-core/androidannotations-api/src/main/java/org/androidannotations/api/sharedpreferences/LongPrefField.java;28;41;false;false;1;3;8;
;;androidannotations;1;/home/les-02/NovoTGLambda/projects/androidannotations/AndroidAnnotations/androidannotations-core/androidannotations-api/src/main/java/org/androidannotations/api/sharedpreferences/LongPrefField.java;33;40;false;false;1;4;3;
;;androidannotations;1;/home/les-02/NovoTGLambda/projects/androidannotations/AndroidAnnotations/androidannotations-core/androidannotations-api/src/main/java/org/androidannotations/api/sharedpreferences/SharedPreferencesCompat.java;38;43;false;false;1;4;3;
;;androidannotations;1;/home/les-02/NovoTGLambda/projects/androidannotations/AndroidAnnotations/androidannotations-core/androidannotations-api/src/main/java/org/androidannotations/api/sharedpreferences/SharedPreferencesCompat.java;47;55;false;false;1;3;7;
;;androidannotations;1;/home/les-02/NovoTGLambda/projects/androidannotations/AndroidAnnotations/androidannotations-core/androidannotations-api/src/main/java/org/androidannotations/api/sharedpreferences/SharedPreferencesCompat.java;59;63;false;false;1;3;3;
;;androidannotations;1;/home/les-02/NovoTGLambda/projects/androidannotations/AndroidAnnotations/androidannotations-core/androidannotations-api/src/main/java/org/androidannotations/api/sharedpreferences/SharedPreferencesCompat.java;67;71;false;false;1;3;2;
;;androidannotations;1;/home/les-02/NovoTGLambda/projects/androidannotations/AndroidAnnotations/androidannotations-core/androidannotations-api/src/main/java/org/androidannotations/api/sharedpreferences/SharedPreferencesCompat.java;81;85;false;false;1;3;2;
;;androidannotations;1;/home/les-02/NovoTGLambda/projects/androidannotations/AndroidAnnotations/androidannotations-core/androidannotations-api/src/main/java/org/androidannotations/api/sharedpreferences/SharedPreferencesCompat.java;38;43;false;false;1;4;3;
;;androidannotations;1;/home/les-02/NovoTGLambda/projects/androidannotations/AndroidAnnotations/androidannotations-core/androidannotations-api/src/main/java/org/androidannotations/api/sharedpreferences/SharedPreferencesCompat.java;47;55;false;false;1;3;7;
;;androidannotations;1;/home/les-02/NovoTGLambda/projects/androidannotations/AndroidAnnotations/androidannotations-core/androidannotations-api/src/main/java/org/androidannotations/api/sharedpreferences/SharedPreferencesCompat.java;59;63;false;false;1;3;3;
;;androidannotations;1;/home/les-02/NovoTGLambda/projects/androidannotations/AndroidAnnotations/androidannotations-core/androidannotations-api/src/main/java/org/androidannotations/api/sharedpreferences/SharedPreferencesCompat.java;67;71;false;false;1;3;2;
;;androidannotations;1;/home/les-02/NovoTGLambda/projects/androidannotations/AndroidAnnotations/androidannotations-core/androidannotations-api/src/main/java/org/androidannotations/api/sharedpreferences/SharedPreferencesCompat.java;81;85;false;false;1;3;2;
;;androidannotations;1;/home/les-02/NovoTGLambda/projects/androidannotations/AndroidAnnotations/androidannotations-core/androidannotations-api/src/main/java/org/androidannotations/api/ViewServer.java;180;184;false;false;1;3;3;
;;androidannotations;1;/home/les-02/NovoTGLambda/projects/androidannotations/AndroidAnnotations/androidannotations-core/androidannotations-api/src/main/java/org/androidannotations/api/ViewServer.java;246;250;false;false;1;3;3;
;;androidannotations;1;/home/les-02/NovoTGLambda/projects/androidannotations/AndroidAnnotations/androidannotations-core/androidannotations-api/src/main/java/org/androidannotations/api/ViewServer.java;256;262;false;false;1;5;3;
;;androidannotations;1;/home/les-02/NovoTGLambda/projects/androidannotations/AndroidAnnotations/androidannotations-core/androidannotations-api/src/main/java/org/androidannotations/api/ViewServer.java;266;270;false;false;0;3;0;
;;androidannotations;1;/home/les-02/NovoTGLambda/projects/androidannotations/AndroidAnnotations/androidannotations-core/androidannotations-api/src/main/java/org/androidannotations/api/ViewServer.java;273;277;false;false;0;3;0;
;;androidannotations;1;/home/les-02/NovoTGLambda/projects/androidannotations/AndroidAnnotations/androidannotations-core/androidannotations-api/src/main/java/org/androidannotations/api/ViewServer.java;338;342;false;false;0;3;0;
;;androidannotations;1;/home/les-02/NovoTGLambda/projects/androidannotations/AndroidAnnotations/androidannotations-core/androidannotations-api/src/main/java/org/androidannotations/api/ViewServer.java;357;362;false;false;0;4;0;
;;androidannotations;1;/home/les-02/NovoTGLambda/projects/androidannotations/AndroidAnnotations/androidannotations-core/androidannotations-api/src/main/java/org/androidannotations/api/ViewServer.java;364;370;false;false;0;5;0;
;;androidannotations;1;/home/les-02/NovoTGLambda/projects/androidannotations/AndroidAnnotations/androidannotations-core/androidannotations-api/src/main/java/org/androidannotations/api/ViewServer.java;394;398;false;false;0;3;0;
;;androidannotations;1;/home/les-02/NovoTGLambda/projects/androidannotations/AndroidAnnotations/androidannotations-core/androidannotations-api/src/main/java/org/androidannotations/api/ViewServer.java;407;411;false;false;1;3;3;
;;androidannotations;1;/home/les-02/NovoTGLambda/projects/androidannotations/AndroidAnnotations/androidannotations-core/androidannotations-api/src/main/java/org/androidannotations/api/ViewServer.java;415;428;false;false;1;12;3;
;;androidannotations;1;/home/les-02/NovoTGLambda/projects/androidannotations/AndroidAnnotations/androidannotations-core/androidannotations-api/src/main/java/org/androidannotations/api/ViewServer.java;420;424;false;false;1;3;3;
;;androidannotations;1;/home/les-02/NovoTGLambda/projects/androidannotations/AndroidAnnotations/androidannotations-core/androidannotations-api/src/main/java/org/androidannotations/api/ViewServer.java;435;452;false;false;1;8;3;
;;androidannotations;1;/home/les-02/NovoTGLambda/projects/androidannotations/AndroidAnnotations/androidannotations-core/androidannotations-api/src/main/java/org/androidannotations/api/ViewServer.java;446;450;false;false;1;3;3;
;;androidannotations;1;/home/les-02/NovoTGLambda/projects/androidannotations/AndroidAnnotations/androidannotations-core/androidannotations-api/src/main/java/org/androidannotations/api/ViewServer.java;596;649;false;false;1;35;3;
;;androidannotations;1;/home/les-02/NovoTGLambda/projects/androidannotations/AndroidAnnotations/androidannotations-core/androidannotations-api/src/main/java/org/androidannotations/api/ViewServer.java;635;640;false;false;1;3;3;
;;androidannotations;1;/home/les-02/NovoTGLambda/projects/androidannotations/AndroidAnnotations/androidannotations-core/androidannotations-api/src/main/java/org/androidannotations/api/ViewServer.java;643;647;false;false;1;3;3;
;;androidannotations;1;/home/les-02/NovoTGLambda/projects/androidannotations/AndroidAnnotations/androidannotations-core/androidannotations-api/src/main/java/org/androidannotations/api/ViewServer.java;656;699;false;false;1;25;4;
;;androidannotations;1;/home/les-02/NovoTGLambda/projects/androidannotations/AndroidAnnotations/androidannotations-core/androidannotations-api/src/main/java/org/androidannotations/api/ViewServer.java;693;697;false;false;1;3;3;
;;androidannotations;1;/home/les-02/NovoTGLambda/projects/androidannotations/AndroidAnnotations/androidannotations-core/androidannotations-api/src/main/java/org/androidannotations/api/ViewServer.java;708;712;false;false;0;3;0;
;;androidannotations;1;/home/les-02/NovoTGLambda/projects/androidannotations/AndroidAnnotations/androidannotations-core/androidannotations-api/src/main/java/org/androidannotations/api/ViewServer.java;717;725;false;false;0;7;0;
;;androidannotations;1;/home/les-02/NovoTGLambda/projects/androidannotations/AndroidAnnotations/androidannotations-core/androidannotations-api/src/main/java/org/androidannotations/api/ViewServer.java;734;761;false;false;1;13;3;
;;androidannotations;1;/home/les-02/NovoTGLambda/projects/androidannotations/AndroidAnnotations/androidannotations-core/androidannotations-api/src/main/java/org/androidannotations/api/ViewServer.java;755;759;false;false;1;3;3;
;;androidannotations;1;/home/les-02/NovoTGLambda/projects/androidannotations/AndroidAnnotations/androidannotations-core/androidannotations-api/src/main/java/org/androidannotations/api/ViewServer.java;771;808;false;false;1;24;3;
;;androidannotations;1;/home/les-02/NovoTGLambda/projects/androidannotations/AndroidAnnotations/androidannotations-core/androidannotations-api/src/main/java/org/androidannotations/api/ViewServer.java;778;782;false;false;0;3;0;
;;androidannotations;1;/home/les-02/NovoTGLambda/projects/androidannotations/AndroidAnnotations/androidannotations-core/androidannotations-api/src/main/java/org/androidannotations/api/ViewServer.java;786;790;false;false;0;3;0;
;;androidannotations;1;/home/les-02/NovoTGLambda/projects/androidannotations/AndroidAnnotations/androidannotations-core/androidannotations-api/src/main/java/org/androidannotations/api/ViewServer.java;802;806;false;false;1;3;3;
;;androidannotations;1;/home/les-02/NovoTGLambda/projects/androidannotations/AndroidAnnotations/androidannotations-core/androidannotations-api/src/main/java/org/androidannotations/api/ViewServer.java;832;870;false;false;1;28;3;
;;androidannotations;1;/home/les-02/NovoTGLambda/projects/androidannotations/AndroidAnnotations/androidannotations-core/androidannotations-api/src/main/java/org/androidannotations/api/ViewServer.java;863;867;false;false;1;3;2;
;;androidannotations;1;/home/les-02/NovoTGLambda/projects/androidannotations/AndroidAnnotations/androidannotations-core/androidannotations-api/src/main/java/org/androidannotations/api/ViewServer.java;180;184;false;false;1;3;3;
;;androidannotations;1;/home/les-02/NovoTGLambda/projects/androidannotations/AndroidAnnotations/androidannotations-core/androidannotations-api/src/main/java/org/androidannotations/api/ViewServer.java;246;250;false;false;1;3;3;
;;androidannotations;1;/home/les-02/NovoTGLambda/projects/androidannotations/AndroidAnnotations/androidannotations-core/androidannotations-api/src/main/java/org/androidannotations/api/ViewServer.java;256;262;false;false;1;5;3;
;;androidannotations;1;/home/les-02/NovoTGLambda/projects/androidannotations/AndroidAnnotations/androidannotations-core/androidannotations-api/src/main/java/org/androidannotations/api/ViewServer.java;266;270;false;false;0;3;0;
;;androidannotations;1;/home/les-02/NovoTGLambda/projects/androidannotations/AndroidAnnotations/androidannotations-core/androidannotations-api/src/main/java/org/androidannotations/api/ViewServer.java;273;277;false;false;0;3;0;
;;androidannotations;1;/home/les-02/NovoTGLambda/projects/androidannotations/AndroidAnnotations/androidannotations-core/androidannotations-api/src/main/java/org/androidannotations/api/ViewServer.java;338;342;false;false;0;3;0;
;;androidannotations;1;/home/les-02/NovoTGLambda/projects/androidannotations/AndroidAnnotations/androidannotations-core/androidannotations-api/src/main/java/org/androidannotations/api/ViewServer.java;357;362;false;false;0;4;0;
;;androidannotations;1;/home/les-02/NovoTGLambda/projects/androidannotations/AndroidAnnotations/androidannotations-core/androidannotations-api/src/main/java/org/androidannotations/api/ViewServer.java;364;370;false;false;0;5;0;
;;androidannotations;1;/home/les-02/NovoTGLambda/projects/androidannotations/AndroidAnnotations/androidannotations-core/androidannotations-api/src/main/java/org/androidannotations/api/ViewServer.java;394;398;false;false;0;3;0;
;;androidannotations;1;/home/les-02/NovoTGLambda/projects/androidannotations/AndroidAnnotations/androidannotations-core/androidannotations-api/src/main/java/org/androidannotations/api/ViewServer.java;407;411;false;false;1;3;3;
;;androidannotations;1;/home/les-02/NovoTGLambda/projects/androidannotations/AndroidAnnotations/androidannotations-core/androidannotations-api/src/main/java/org/androidannotations/api/ViewServer.java;415;428;false;false;1;12;3;
;;androidannotations;1;/home/les-02/NovoTGLambda/projects/androidannotations/AndroidAnnotations/androidannotations-core/androidannotations-api/src/main/java/org/androidannotations/api/ViewServer.java;420;424;false;false;1;3;3;
;;androidannotations;1;/home/les-02/NovoTGLambda/projects/androidannotations/AndroidAnnotations/androidannotations-core/androidannotations-api/src/main/java/org/androidannotations/api/ViewServer.java;435;452;false;false;1;8;3;
;;androidannotations;1;/home/les-02/NovoTGLambda/projects/androidannotations/AndroidAnnotations/androidannotations-core/androidannotations-api/src/main/java/org/androidannotations/api/ViewServer.java;446;450;false;false;1;3;3;
;;androidannotations;1;/home/les-02/NovoTGLambda/projects/androidannotations/AndroidAnnotations/androidannotations-core/androidannotations-api/src/main/java/org/androidannotations/api/ViewServer.java;596;649;false;false;1;35;3;
;;androidannotations;1;/home/les-02/NovoTGLambda/projects/androidannotations/AndroidAnnotations/androidannotations-core/androidannotations-api/src/main/java/org/androidannotations/api/ViewServer.java;635;640;false;false;1;3;3;
;;androidannotations;1;/home/les-02/NovoTGLambda/projects/androidannotations/AndroidAnnotations/androidannotations-core/androidannotations-api/src/main/java/org/androidannotations/api/ViewServer.java;643;647;false;false;1;3;3;
;;androidannotations;1;/home/les-02/NovoTGLambda/projects/androidannotations/AndroidAnnotations/androidannotations-core/androidannotations-api/src/main/java/org/androidannotations/api/ViewServer.java;656;699;false;false;1;25;4;
;;androidannotations;1;/home/les-02/NovoTGLambda/projects/androidannotations/AndroidAnnotations/androidannotations-core/androidannotations-api/src/main/java/org/androidannotations/api/ViewServer.java;693;697;false;false;1;3;3;
;;androidannotations;1;/home/les-02/NovoTGLambda/projects/androidannotations/AndroidAnnotations/androidannotations-core/androidannotations-api/src/main/java/org/androidannotations/api/ViewServer.java;708;712;false;false;0;3;0;
;;androidannotations;1;/home/les-02/NovoTGLambda/projects/androidannotations/AndroidAnnotations/androidannotations-core/androidannotations-api/src/main/java/org/androidannotations/api/ViewServer.java;717;725;false;false;0;7;0;
;;androidannotations;1;/home/les-02/NovoTGLambda/projects/androidannotations/AndroidAnnotations/androidannotations-core/androidannotations-api/src/main/java/org/androidannotations/api/ViewServer.java;734;761;false;false;1;13;3;
;;androidannotations;1;/home/les-02/NovoTGLambda/projects/androidannotations/AndroidAnnotations/androidannotations-core/androidannotations-api/src/main/java/org/androidannotations/api/ViewServer.java;755;759;false;false;1;3;3;
;;androidannotations;1;/home/les-02/NovoTGLambda/projects/androidannotations/AndroidAnnotations/androidannotations-core/androidannotations-api/src/main/java/org/androidannotations/api/ViewServer.java;771;808;false;false;1;24;3;
;;androidannotations;1;/home/les-02/NovoTGLambda/projects/androidannotations/AndroidAnnotations/androidannotations-core/androidannotations-api/src/main/java/org/androidannotations/api/ViewServer.java;778;782;false;false;0;3;0;
;;androidannotations;1;/home/les-02/NovoTGLambda/projects/androidannotations/AndroidAnnotations/androidannotations-core/androidannotations-api/src/main/java/org/androidannotations/api/ViewServer.java;786;790;false;false;0;3;0;
;;androidannotations;1;/home/les-02/NovoTGLambda/projects/androidannotations/AndroidAnnotations/androidannotations-core/androidannotations-api/src/main/java/org/androidannotations/api/ViewServer.java;802;806;false;false;1;3;3;
;;androidannotations;1;/home/les-02/NovoTGLambda/projects/androidannotations/AndroidAnnotations/androidannotations-core/androidannotations-api/src/main/java/org/androidannotations/api/ViewServer.java;832;870;false;false;1;28;3;
;;androidannotations;1;/home/les-02/NovoTGLambda/projects/androidannotations/AndroidAnnotations/androidannotations-core/androidannotations-api/src/main/java/org/androidannotations/api/ViewServer.java;863;867;false;false;1;3;2;
;;androidannotations;1;/home/les-02/NovoTGLambda/projects/androidannotations/AndroidAnnotations/androidannotations-core/androidannotations-testutils/src/main/java/org/androidannotations/testutils/ProcessorTestHelper.java;213;220;true;false;1;6;3;
;;androidannotations;1;/home/les-02/NovoTGLambda/projects/androidannotations/AndroidAnnotations/androidannotations-core/androidannotations-testutils/src/main/java/org/androidannotations/testutils/ProcessorTestHelper.java;310;329;true;false;1;13;2;
;;androidannotations;1;/home/les-02/NovoTGLambda/projects/androidannotations/AndroidAnnotations/androidannotations-core/androidannotations-testutils/src/main/java/org/androidannotations/testutils/ProcessorTestHelper.java;316;320;false;false;1;3;3;
;;androidannotations;1;/home/les-02/NovoTGLambda/projects/androidannotations/AndroidAnnotations/androidannotations-core/androidannotations-testutils/src/main/java/org/androidannotations/testutils/ProcessorTestHelper.java;213;220;true;false;1;6;3;
;;androidannotations;1;/home/les-02/NovoTGLambda/projects/androidannotations/AndroidAnnotations/androidannotations-core/androidannotations-testutils/src/main/java/org/androidannotations/testutils/ProcessorTestHelper.java;310;329;true;false;1;13;2;
;;androidannotations;1;/home/les-02/NovoTGLambda/projects/androidannotations/AndroidAnnotations/androidannotations-core/androidannotations-testutils/src/main/java/org/androidannotations/testutils/ProcessorTestHelper.java;316;320;false;false;1;3;3;
;;androidannotations;1;/home/les-02/NovoTGLambda/projects/androidannotations/AndroidAnnotations/androidannotations-core/androidannotations-testutils/src/main/java/org/androidannotations/testutils/AAProcessorTestHelper.java;53;59;false;false;1;5;3;
;;androidannotations;1;/home/les-02/NovoTGLambda/projects/androidannotations/AndroidAnnotations/androidannotations-core/androidannotations-testutils/src/main/java/org/androidannotations/testutils/AAProcessorTestHelper.java;53;59;false;false;1;5;3;
;;androidannotations;1;/home/les-02/NovoTGLambda/projects/androidannotations/AndroidAnnotations/androidannotations-core/androidannotations-testutils/src/main/java/org/androidannotations/testutils/ClassFinder.java;163;168;false;false;1;3;3;
;;androidannotations;1;/home/les-02/NovoTGLambda/projects/androidannotations/AndroidAnnotations/androidannotations-core/androidannotations-testutils/src/main/java/org/androidannotations/testutils/ClassFinder.java;181;190;false;false;1;6;3;
;;androidannotations;1;/home/les-02/NovoTGLambda/projects/androidannotations/AndroidAnnotations/androidannotations-core/androidannotations-testutils/src/main/java/org/androidannotations/testutils/ClassFinder.java;208;213;false;false;1;3;3;
;;androidannotations;1;/home/les-02/NovoTGLambda/projects/androidannotations/AndroidAnnotations/androidannotations-core/androidannotations-testutils/src/main/java/org/androidannotations/testutils/ClassFinder.java;284;291;false;false;1;6;3;
;;androidannotations;1;/home/les-02/NovoTGLambda/projects/androidannotations/AndroidAnnotations/androidannotations-core/androidannotations-testutils/src/main/java/org/androidannotations/testutils/ClassFinder.java;295;347;false;false;1;32;3;
;;androidannotations;1;/home/les-02/NovoTGLambda/projects/androidannotations/AndroidAnnotations/androidannotations-core/androidannotations-testutils/src/main/java/org/androidannotations/testutils/ClassFinder.java;314;342;false;false;5;6;15;
;;androidannotations;1;/home/les-02/NovoTGLambda/projects/androidannotations/AndroidAnnotations/androidannotations-core/androidannotations-testutils/src/main/java/org/androidannotations/testutils/ClassFinder.java;163;168;false;false;1;3;3;
;;androidannotations;1;/home/les-02/NovoTGLambda/projects/androidannotations/AndroidAnnotations/androidannotations-core/androidannotations-testutils/src/main/java/org/androidannotations/testutils/ClassFinder.java;181;190;false;false;1;6;3;
;;androidannotations;1;/home/les-02/NovoTGLambda/projects/androidannotations/AndroidAnnotations/androidannotations-core/androidannotations-testutils/src/main/java/org/androidannotations/testutils/ClassFinder.java;208;213;false;false;1;3;3;
;;androidannotations;1;/home/les-02/NovoTGLambda/projects/androidannotations/AndroidAnnotations/androidannotations-core/androidannotations-testutils/src/main/java/org/androidannotations/testutils/ClassFinder.java;284;291;false;false;1;6;3;
;;androidannotations;1;/home/les-02/NovoTGLambda/projects/androidannotations/AndroidAnnotations/androidannotations-core/androidannotations-testutils/src/main/java/org/androidannotations/testutils/ClassFinder.java;295;347;false;false;1;32;3;
;;androidannotations;1;/home/les-02/NovoTGLambda/projects/androidannotations/AndroidAnnotations/androidannotations-core/androidannotations-testutils/src/main/java/org/androidannotations/testutils/ClassFinder.java;314;342;false;false;5;6;15;
